Q3305213,painting
Q93184,drawing
Q860861,sculpture
Q18761202,watercolor painting
Q14745,furniture
Q169031,glove
Q2741056,cabinet
Q245005,teapot
Q17489160,bust
Q57216,plate
Q29527347,figure
Q112053,tailcoat
Q63495428,side chair
Q1907525,pistol
Q1363377,folio
Q720106,scroll
Q5647631,handscroll
Q741226,byōbu
Q191851,vase
Q11285759,armchair
Q1064538,quilt
Q1513987,sampler
Q16180001,tumbler
Q2188827,hanging scroll
Q879050,manor house
Q200539,dress
Q125191,photograph
Q1902763,mixed media
Q29353484,ensemble
Q153988,bowl
Q1207302,jar
Q11060274,print
Q249975,sack-back gown
Q170063,wedding dress
Q3391846,plate armor
Q7236012,powder horn
Q1173065,album
Q35473,window
Q80228,bottle
Q188075,box
Q22075301,textile artwork
Q746549,dish
Q79137673,screen
Q1497375,architectural ensemble
Q1908472,evening wear
Q2144456,evening dress
Q1190417,baseball card
Q635784,ball gown
Q2001719,pelisse
Q15026,chair
Q31732,nativity scene
Q2413314,jug
Q81206146,American face vessels
Q18219090,woodcut print
Q833823,beaker
Q499916,brooch
Q404785,ewer
Q79218,triptych
Q15727816,painting series
Q535067,sauce boat
Q189299,necklace
Q11469,glass
Q173603,helmet
Q12791,sword
Q3671179,Japanese armor
Q5,human
Q1066288,figurine
Q1348059,panel
Q28823,textile
Q4364339,plaque
Q118532,riding boot
Q184296,tapestry
Q368972,lacquerware
Q831477,prayer nut
Q1772,epitaph
Q130693,porcelain
Q3045706,e-hon
Q19960510,series of prints
Q131647,medal
Q201714,tunic
Q838312,pin
Q152574,coat
Q14660,flag
Q29401858,round gown
Q930924,bodice
Q29528636,underdress
Q68352277,Evening ensemble
Q3446398,tankard
Q81727,Cup
Q386589,Ō-yoroi
Q48498,illuminated manuscript
Q2111434,pendant
Q351853,ivory carving
Q571,book
Q987767,container
Q838948,work of art
Q9053464,costume
Q161439,jewelry
Q3355832,crossguard
Q3049247,Egoyomi
Q245117,relief sculpture
Q1144689,folding screen
Q20793164,armor
Q7725634,literary work
Q18593264,item of collection or exhibition
Q1326509,girandole
Q5994,piano
Q254554,picture book
Q11032,newspaper
Q614806,suit
Q557164,inro
Q14169227,chest of drawers
Q28913685,woodblock print
Q7859825,tyg
Q452858,polonaise
Q345127,robe
Q18281,embroidery
Q2119869,targe
Q17379525,pottery ware
Q4010399,dressing gown
Q11284623,afternoon dress
Q816871,woodworking
Q4063892,riding habit
Q14748,table
Q17749756,Q17749756
Q11835431,engraving
Q7104012,orphrey
Q851782,tableware
Q168456,earring
Q535576,bustle
Q180225,corset
Q860792,picture frame
Q181947,crossbow
Q837249,marble sculpture
Q115488,medallion
Q5436787,fashion plate
Q21061279,stained glass window
Q21281546,gouache painting
Q1034198,cape
Q1352349,architectural model
Q1149531,bonnet
Q95966197,kast
Q953045,metalworking
Q29382731,metal artwork
Q849964,jacket
Q1615491,robe à l'anglaise
Q876824,slipper
Q180516,room
Q598227,militaria
Q50414774,armor
Q18456246,dinner dress
Q2647254,study
Q12872,potato masher
Q1138737,lamp
Q213924,codex
Q8343,clarinet
Q29405103,court dress
Q2481648,champlevé
Q2383211,wash basin
Q613972,tray
Q23657361,photogravure print
Q1604733,chemise
Q201097,basket
Q1264081,censer
Q916651,thangka
Q179700,statue
Q167037,corporation
Q8037437,woven coverlet
Q661199,dining room
Q837185,kaftan
Q19969434,scroll painting
Q29472861,valance
Q190868,boot
Q212989,swimsuit
Q18573970,group of paintings
Q475476,diptych
Q17126091,textile sample
Q7190637,pichhwai
Q7096642,opera coat
Q131514,couch
Q925572,dolman
Q4792469,arm ring
Q4405380,carpet bag
Q97703659,crinoline
Q22676,shoe
Q7962668,wall panel
Q16905563,cycle of paintings
Q12043905,pastel
Q330946,blade
Q654077,tantō
Q18218093,etching print
Q3666631,secretary desk
Q132397,pitcher
Q1167248,mantua
Q29003745,historical costume
Q26267225,flintlock rifle
Q958210,vest
Q1757923,carte de visite
Q57206278,time-based media
Q18812395,wine cooler
Q35197,mirror
Q376,clock
Q1758043,tsuba
Q2269650,lampas
Q97995889,lace-patterned silk
Q17075701,portière
Q193220,hand fan
Q28972621,headdress
Q2990690,compote bowl
Q39397,axe
Q42857793,Indonesian ceremonial bronze axe
Q1430154,cloister
Q16887380,group
Q836084,crinoline
Q57207952,Polaroid print
Q1902658,jackboot
Q732177,sacred vessel
Q1377111,earthenware
Q93191908,tea urn
Q559065,kosode
Q151771,candlestick
Q182780,dagger
Q178401,amphora
Q220659,archaeological artifact
Q11404,drum
Q93138528,potpourri vase
Q6752131,mantle
Q516992,cloak
Q3391771,platter
Q9386593,snaphance
Q716488,Mandarin square
Q106106,wardrobe
Q445972,doublet
Q960281,Khanjali
Q672603,studiolo
Q2071002,period room
Q163446,carpet
Q60734095,woodwork
Q543901,netsuke
Q11083119,urn
Q5771190,salt cellar
Q95965050,ritual board
Q87167,manuscript
Q335261,ornament
Q28966125,needlework
Q96093619,picture
Q1351525,tea gown
Q1054559,celadon
Q928357,bronze sculpture
Q4292134,mechanical toy
Q192425,postcard
Q193837,bedroom
Q11164286,peignoir
Q96756278,kataginu
Q2380327,waistcoat
Q740732,spur
Q161524,mask
Q1759813,mempo
Q29401129,head of a statue
Q28864717,waistcoat
Q29188408,collection highlight
Q43299785,walking dress
Q1281067,inlay
Q53688576,card table
Q30063035,chamfron
Q371798,Japanese sword mountings
Q233104,bicorne
Q1630337,pantsuit
Q595597,negative
Q727715,book of hours
Q678883,panelling
Q1062620,petticoat
Q178743,stele
Q4126791,Votive crown
Q44740228,wall hanging
Q807017,banyan
Q809807,bashlyk
Q55589974,quilt top
Q101687,altar
Q45621,ceramic
Q201664,bracelet
Q3180027,belt buckle
Q721747,commemorative plaque
Q22669139,fresco
Q5078274,sketch
Q18887969,copper engraving print
Q203290,yoke
Q64143035,medallion
Q29028115,cutaway
Q108640,ice skate
Q1640824,inscription
Q910768,window screen
Q184856,pointer
Q8362,illumination
Q1531435,wine glass
Q131559,shield
Q2160801,skirt
Q5137101,cut-paper work
Q362200,accessory
Q3001579,window seat
Q46847,ring
Q2450206,mourning
Q1426327,linen
Q18451251,goblet
Q29980338,frontlet
Q591644,pendant
Q10672725,snuffbox
Q170382,revolver
Q3775122,washstand
Q43385258,punggyeong
Q28104579,album leaf
Q4526862,gaiters
Q1473346,stained glass
Q15123870,lithograph
Q8377,oboe
Q848330,tondo
Q922337,virginal
Q738680,pottery of ancient Greece
Q831869,oenochoe
Q372381,patten
Q124072,rifle
Q5403171,flintlock
Q899035,brasero
Q29477178,spearhead
Q29491395,calash
Q381885,tomb
Q15603247,flat cap
Q41971267,Greek vase
Q10666342,album
Q56055236,photographic print
Q486396,shotgun
Q504073,stencil
Q2937807,caraco
Q1298339,livery
Q337481,overcoat
Q1683337,nishiki-e
Q28912688,single execution of an artwork
Q7332948,riding coat
Q579418,lekythos
Q855747,Egyptian temple
Q10988986,textile art
Q29639251,printed fabric
Q1066582,fine-art photography
Q661140,scabbard
Q202027,cornet
Q1148709,grand piano
Q219423,mural
Q95975088,ritual object
Q1889081,Mandora
Q180733,lute
Q17142643,redingote
Q56676227,oil painting
Q193358,ladle
Q164992,astrolabe
Q56009710,plate
Q366134,chest
Q1570005,clay tablet
Q429785,poster
Q32189150,belly amphoras typus C
Q184418,coffin
Q1847455,wing chair
Q1455863,plug
Q76768,shirt
Q20437094,installation
Q337060,perceptible object
Q3063631,hexagonal tiling
Q580807,albumen print
Q10971235,cushion
Q204776,bench
Q29199982,mitt
Q29480005,pouch
Q29403086,fancy dress costume
Q4327778,fireplace mantel
Q96024287,pillow cover
Q945313,cassone
Q23834,comb
Q28456460,pier table
Q60310616,chocolate pot
Q200266,handle
Q2621117,pannier
Q1137723,court train
Q378845,aquamanile
Q3331189,"version, edition, or translation"
Q1064858,desk
Q21551050,tiraz
Q3775662,inkstand
Q1135567,buckle
Q828450,rhyton
Q5736554,búcaro
Q839954,archaeological site
Q918230,Roman villa
Q14752696,ancient Roman structure
Q623941,spinet
Q210064,lighting
Q28966302,embroidery
Q1396224,pilgrim flask
Q101401,bell
Q3341836,Nikuhitsuga
Q1979154,model
Q483453,fountain
Q1314278,woven fabric
Q321053,cenotaph
Q854429,portal
Q1099112,claviorgan
Q2940816,casaquin
Q745783,hydria
Q3516569,chadri
Q3434320,robe battante
Q1788113,pelerine
Q174219,paint
Q79496108,enamel
Q16472452,jumpsuit
Q81881,fork
Q7205395,Plumbago drawing
Q2864716,featherwork
Q608650,sarangi
Q27114950,forged painting
Q2100893,cup with stem
Q8251241,booties
Q39908,trousers
Q100795502,evening coat
Q1196123,military uniform
Q167633,clog
Q17354880,Q17354880
Q668349,kylix
Q22669857,collage
Q41298,magazine
Q1762975,parasol
Q1539580,pelike
Q1422576,saucer
Q811683,proposed building or structure
Q6498959,scale model
Q159998,bassoon
Q1156506,dabakan
Q11086567,fragment
Q1265690,dungchen
Q240471,bookbinding
Q170124,envelope
Q110304,top hat
Q722218,label
Q28803767,furniture component
Q16949531,coatdress
Q105507,wig
Q472760,antique
Q22669664,wood engraving print
Q841954,photogram
Q79509036,portfolio
Q154038,cookware and bakeware
Q81982,harpsichord
Q185041,cor anglais
Q2442735,scarab
Q100269589,carriage boot
Q11424,film
Q191529,wallpaper
Q1637382,Hounds and Jackals
Q1159994,block statue
Q28769384,needlecase
Q849813,pocket watch
Q862454,lantern
Q5852,blanket
Q2967773,reliquary chest
Q221769,taiko
Q836224,violoncello piccolo
Q131557,amulet
Q54423622,mustard pot
Q34379,musical instrument
Q722604,reliquary
Q2961365,fly-whisk
Q17504947,handle
Q1255766,dramyin
Q1452217,tailored suit
Q152563,blouse
Q203788,chariot
Q96064740,table screen
Q206950,court dress
Q55439,panel painting
Q1278452,polyptych
Q15711026,altarpiece
Q1997167,Dressers
Q204638,cornett
Q488053,photograph album
Q1421582,stamnos
Q191022,scarf
Q81895,spoon
Q11681907,matchbox
Q48634,sarcophagus
Q806880,banner
Q1123756,cylinder seal
Q170544,tent
Q723720,guqin
Q2479786,shankha
Q3574843,tonbak
Q4502142,visual artwork
Q19894488,Roman Breviary
Q1662735,natural trumpet
Q22060043,linocut print
Q21777907,covered beaker
Q29401348,pierrot
Q5305837,draped garment
Q211718,beret
Q15328,camera
Q324926,fibula
Q16875637,transverse flute
Q204917,whistle
Q468402,tile
Q88295258,bifolium
Q339306,saung
Q1370517,lintel
Q8355,violin
Q1068162,Stradivarius
Q1146067,dizi
Q6607,guitar
Q131704,sandal
Q80151,hat
Q1537820,shell bowl
Q2224648,serape
Q1260965,printing plate
Q178794,watch
Q5567091,glass art
Q492201,name vase
Q79141101,set of wall hangings
Q60733799,jade object
Q29353497,dressing jacket
Q6685124,pipa
Q5375216,ennanga
Q694969,jewellery chain
Q2061094,Soda siphon
Q1385360,antiphonary
Q20460,crucifix
Q1633881,archlute
Q7295963,rattle
Q1440075,taus
Q956165,psalter
Q26965868,wristwatch
Q2387515,centrepiece
Q2738285,drum
Q7604514,Statues of Gudea
Q917244,clay nail
Q65579953,Hurrian foundation pegs
Q867246,cigarette case
Q683238,bucchero
Q3476508,animal sculpture
Q10855061,archaeological find
Q40800432,Etruscan vases
Q6585156,ranat ek
Q763631,textile design
Q40555,death mask
Q753204,Poporo
Q766983,clay pot
Q3276479,tongs
Q215172,chasuble
Q4993060,neck ring
Q3399907,crock
Q243519,velvet
Q332285,Canopic Jars
Q2074546,bisj pole
Q41363,panorama
Q21008864,cast
Q1400734,clockwork
Q1425895,celestial globe
Q40125,viol
Q996531,post horn
Q125576,papyrus
Q4113845,parfleche
Q3575260,bijou
Q170593,collage art
Q11086465,neck amphora
Q1158229,damaru
Q1932496,tazza
Q7579157,Spoon rest
Q1347864,walking stick
Q8350,trombone
Q4973224,brogan
Q789141,balafon
Q33163,stool
Q622753,majolica
Q2453303,unitard
Q747704,line engraving
Q392326,club
Q11460,clothing
Q2180428,pole
Q18448934,carving
Q7682928,tanggu
Q56045914,mirror case
Q6147804,cap
Q4778966,Apache fiddle
Q80793,sundial
Q55570182,bedcover
Q476968,krater
Q981009,fauteuil
Q833590,missal
Q193934,paperback
Q1585780,sasando
Q210723,chalice
Q181388,sled
Q289037,koto
Q5900562,Hopi Kachina dolls
Q3278045,snood
Q318914,Palmesel
Q64029175,daguerreotype
Q386215,mug
Q95765263,evening jacket
Q815738,light fixture
Q30113226,ax head
Q51446928,bass viol
Q834459,ostracon
Q3239122,model house
Q875696,stationery
Q1370565,sash
Q2568536,cradleboard
Q639460,casket
Q192411,handkerchief
Q1114838,Legendarium
Q7201702,plaquette
Q194070,facsimile
Q361825,cabinet card
Q2103426,reticule
Q36794,door
Q2207370,seat
Q81707,teacup
Q1125338,book cover
Q17379796,ritual vessel
Q3418492,card deck
Q134560,belt
Q657304,visiting card
Q1105339,cocktail shaker
Q23664,vacuum flask
Q29486521,shoulder bag
Q596566,pencil case
Q7651136,thin bell
Q5646557,ottavino (virginal)
Q191823,clavichord
Q281460,pipe organ
Q208421,snare drum
Q742180,viola d'amore
Q1457747,ship model
Q318394,art of ancient Egypt
Q12796,firearm
Q81103,cannon
Q46686,reredos
Q187791,screen printing
Q28512,cameo
Q105397,hookah
Q1678302,hunting horn
Q123314,agate
Q425548,palette
Q599797,paddle
Q1350279,pyxis
Q21263223,doorway
Q79838,accordion
Q1406758,finial
Q96100101,cor solo
Q1784021,artwork copy
Q915026,briefcase
Q188456,bookplate
Q386724,work
Q7132707,paper negative
Q134932,tipi
Q16744570,tablet
Q6577044,saw sam sai
Q3917316,decanter
Q1557709,guéridon
Q1762308,sideboard
Q930827,regals
Q1400830,clapper
Q898700,silhouette
Q133067,mosaic
Q189388,didgeridoo
Q6653030,sconce
Q11642,pottery
Q1721055,coffeepot
Q7197233,pipe bag
Q12065480,pectoral
Q2083647,funerary art
Q687103,pyramidion
Q1416517,cartoon
Q95966124,hacha
Q189211,drinking straw
Q667291,lorgnette
Q173907,mihrab
Q673338,alabastron
Q1779587,column krater
Q1400612,art forgery
Q14562306,bas-relief
Q87389,lip plate
Q517596,mechanism
Q1799543,labret
Q63538237,goldwork
Q6868926,Minoan sealstone
Q9026959,autograph (manuscript)
Q1823258,soprano recorder
Q1650313,situla
Q178659,illustration
Q1104430,carafe
Q933665,Unique Forms of Continuity in Space
Q1323314,bag
Q96091671,water jar
Q737988,patio
Q221706,ceiling
Q42362179,qa'a
Q3579004,writing box
Q1231959,pedal harp
Q15791824,alto recorder
Q13522404,musette de cour
Q1093290,cittern
Q178933,Hardanger fiddle
Q95965981,storage jar
Q4891752,bergère hat
Q49005,curtain
Q1083936,stereogram
Q1668074,papier collé
Q572024,antependium
Q5174015,Cosmetic container
Q2309418,traditional African mask
Q7430243,Scaraboid seal
Q72797,goggles
Q40847,scissors
Q4390114,bronze object
Q152910,whip
Q1324102,counterweight
Q170463,apse
Q3373936,pectoral
Q1516291,gift wrapping
Q32489,knife
Q252484,moccasin
Q8038544,writing table
Q1053956,bead
Q29048908,hand mirror
Q55724865,arched harps
Q290951,Kamancheh
Q1434775,musical clock
Q78916699,dance wand
Q1670363,church tabernacle
Q848532,napkin
Q1428312,wax tablet
Q726826,ushabti
Q13464614,ceramics
Q25112434,tile art
Q659216,aerophone
Q3410627,hanging laver
Q16869178,trousse
Q1606685,bowl drums
Q4830453,business
Q49007,yarn
Q43364399,Goa stone
